id,Viewed?,On LOC?,On other website?,Original Format,Search,Collection,State,Other states,Era / Date,Call Number,Finding Aid Online?
1,Y,https://www.loc.gov/collections/montana-folklife-survey-1979/about-this-collection/,,Reel to Reel,Keyword: Concertina,Montana Folklife Survey 1979,Montana,,1970-1980,AFC 1981/005. AFS 20358-20503 ,N
2,Y,https://www.loc.gov/collections/chicago-ethnic-arts-project/about-this-collection/,,,Keyword: Folklife Survey Collection,Chicago Ethnic Arts Project collection,Chicago,,1970-1980,AFC 1981/004,N
3,Y,,,,Keyword: Folklife Survey Collection,Eastern Illinois University folk music survey collection,Illinois,,1970-1980,AFC 1983/033. AFS 22071-22103. ,N
4,Y,,,Reel to Reel,Categories: Audio Recordings - Refined by: Original Format: Audio Recording   Remove Original Format: Collection   Remove Subject: Field Recordings   Remove Subject: Fiddle Tunes   Remove Location: Ireland   Remove,Ed McDermott recording project,Washington DC,,1970-1980,AFC 1970/057. AFS 14270-14271; AFS 14272,N
5,Y,,,tape reels / sound cassettes,Reference (Todd),"Center for Traditional Music and Dance collection. New York, NY : Center for Traditional Music and Dance, ",New York,,1968-2014,AFC 2014/044,N
6,Y,,Y,reels / sound cassettes,Reference (Todd),"Philadelphia Ceili Group collection, 1977-2009 / collected by the Philadelphia Ceili Group.",Pennsylvania,,1976-1993,AFC 1995/003,N
7,Y,,,,Reference (Todd),"Robin O'Brien Hiteshew collection, 1930-2015 (bulk 1941-1995).",Pennsylvania,,1941-1995,AFC 1998/013,
8,Y,,,78 rpm,Reference (Todd),"Robin O'Brien Hiteshew collection of Ed Reavy, Sr. recordings [sound recording].",Pennsylvania,,1946-1998.,AFC 1999/020,
9,Y,,,78 rpm,Reference (Todd),Alan Lomax and Helen Hartness Flanders recordings from New Hampshire and Vermont [sound recording].,New Hampshire ,Vermont,1939,AFC 1939/020,"Referred to in John A. Lomax and Alan Lomax papers, 1907-1969"
10,Y,,,Reel to Reel,Reference (Todd),Alan Jabbour recordings of Jehile Kirkhuff and John Vesey [sound recording],District of Columbia,,Aug 7 1970,AFC 1970/044,N
11,Y,"Alan Jabbour duplication project, part 1 [sound recording].",,Reel to Reel,Keyword: Haste to the Wedding,"Alan Jabbour duplication project, part 1 [sound recording].",West Virginia,,1967,AFC 1967/007,
12,Y,,Y,CD Disc,Reference (Jennifer Cutting),Francis O'Neill cylinders [sound recording] : thirty-two recordings of Irish traditional music in America circa 1904.,Chicago,,1904,,N
13,Y,,,78-rpm Disc,Reference (Todd),Helen Creighton National Museum of Canada recording project [sound recording].,Nova Scotia,,1947-1948.,AFC 1949/002,
14,Y,,Yes,78-rpm Disc,Reference (Todd),Robert F. Draves and Helene Stratman-Thomas collection of Wisconsin recordings [sound recording].,Wisconsin,,1940-1941.,AFC 1941/012,
15,Y,,Yes,78-rpm Disc,Reference (Todd),Sidney Robertson Cowell collection of field recordings [sound recording]. (Part of W.P.A. California Folk Music Project collection),California,,"1959, 1952-1956.",AFC 1959/004,
16,N,,,,Reference (Todd),Max Hunter duplication project,Arkansas ,Missouri,"1971, 1958",AFC 1970/061. AFC 1971/037,
17,N,,,,Reference (Todd),Anne and Frank Warner Collection,Massachusetts,", Missouri, New Hampshire, New York, North Carolina, Vermont, Virginia",1938-66,AFC 2018/028,
18,N,,,,Reference (Todd),University of Arkansas recording project,Arkansas,,1954-1960,AFC 1964/009. AFS 12034-12051,
19,N,,,,Reference (Todd),New River Gorge Folklife Survey collection,West Virginia,,1991-1993,AFC 1996/056,
20,N,,,,Keyword: Folklife Survey Collection,Rhode Island Folklife Project collection,Rhode Island,,1979,"AFC 1991/022. AFS 22208-22405
",
21,N,,,,Categories: Audio Recordings - Refined by: Original Format: Audio Recording   Remove Original Format: Collection   Remove Subject: Field Recordings   Remove Subject: Fiddle Tunes   Remove Location: Ireland   Remove,Peter R Hoover collection,Pennsylvania,,1972; 1959-1967,AFC 1972/025. AFS 15053-15074,
22,N,,,,Categories: Audio Recordings - Refined by: Original Format: Audio Recording   Remove Original Format: Collection   Remove Subject: Field Recordings   Remove Subject: Fiddle Tunes   Remove Location: Ireland   Remove,Lani Herrmann collection of Ed McDermott Irish fiddle tunes,New Jersey,,1970s,AFC 1971/016. AFS 14479-14480. ,
23,N,,,Reel to Reel (10),"Search: ""John Harrington""","John ""The Yank"" Harrington collection https://catalog.loc.gov/vwebv/holdingsInfo?searchId=15141&recCount=25&recPointer=0&bibId=17975652",Montana,,circa 1940s-1950s and possibly later,AFC 1998/029,
24,N,,,,Reference (Todd),"Eloise Hubbard Linscott collection, ",Maine,,"circa 1815, 1929-2002 bulk, 1932-1955.",AFC 1942/002,
25,N,,,,Reference (Todd),Henrietta Yurchenco collection from Ireland [sound recording].,Ireland,,1973-1974.,AFC 1995/022,
26,N,,,,Reference (Todd),Alan Lomax collection of Michigan and Wisconsin recordings [sound recording].,Michigan,Wisconsin,1938-1939.,AFC 1939/007,
27,N,,,,Reference (Todd),Edith Fowke recordings of songs from the United States collected in Canada [sound recording].,Canada,,"1957, 1962.",AFC 1967/010,
28,N,,,,Reference (Todd),George Korson collection,Pennsylvania,"Washington DC, Virginia",1913-1975.,AFC 2003/011,Y
29,N,,,,Reference (Todd),"Ivan Walton collection from Beaver Island, Michigan [sound recording].",Michigan,,1940,AFC 1941/025,
30,N,,,,Reference (Todd),"Lowell Folklife Project collection, 1987-1988 / collected by the American Folklife Center ; in cooperation with the Lowell Historic Preservation Commission and the Massachusetts Council on the Arts and Humanities.",Massachusetts,,1987-1988.,AFC 1987/042,
31,N,,,,Reference (Todd),"MacEdward Leach collection of Newfoundland recordings, 1950 [sound recording].",Newfoundland,,1950,AFC 1951/009,
32,N,,,,Reference (Todd),"MacEdward Leach collection of Newfoundland recordings, 1951 [sound recording].",Newfoundland,,1951,AFC 1968/013,
33,N,,,,Reference (Todd),Phillips Barry collection of New England ballads and folksongs [sound recording].,New England,,1930-1936.,AFC 1945/015,
34,N,,,,Reference (Todd),Laura Bolton Collection,,,,AFC 1973/028,
35,N,,,,Reference (Todd),"Laura Boulton collection, part 11 music of the peoples of Canada",Canada,,,AFC 1973/028:11,
36,N,,,,Reference (Todd),We're Irish still,,,,Vogt Quality Recordings CSRV 2696,